группа товара;аллея-подсказка;откуда;товаров;пример
ДРЕЛЬ АКК;—;спорно: выгрузка 50, карта зала 46;20;ДРЕЛЬ АКК. 12В 1,3АЧ ECO AV-12 OASIS
НАСАД ПИЛЬН;—;спорно: выгрузка 47, карта зала 50;15;НАСАД. ПИЛЬН. 10ММ OQIS ELITECH
ЗУБИЛО SDSM;—;спорно: выгрузка 46, карта зала 48;5;ЗУБИЛО SDSM 25Х400ММ RAGE
ДРЕЛЬ ШУР;—;спорно: выгрузка 50, карта зала 46;4;ДРЕЛЬ-ШУР. 300ВТ DS-30 NN
УШМ ROCKFIELD;—;спорно: выгрузка 50, карта зала 46;4;УШМ 125ММ 1100ВТ RF110AG ROCKFIELD
УШМ АКК;—;спорно: выгрузка 50, карта зала 46;4;УШМ АКК. 125ММ 20В 4АЧ Б/Щ WX812.2 WORX
УШМ EHD;—;спорно: выгрузка 50, карта зала 46;3;УШМ 125ММ 1200ВТ AG 1212E EHD
УШМ БШУ;—;спорно: выгрузка 50, карта зала 46;3;УШМ 125ММ 1150ВТ БШУ-1200-1 СПЕЦ
АЛМАЗНЫЙ ДИСК;—;спорно: выгрузка 47, карта зала 46 или 47;2;Алмазный диск для керамики 230Х22,2мм NN
НАБОР ЯЩИК;—;спорно: выгрузка 48, карта зала 46;2;НАБОР ЯЩИК Д/ИНСТР 3ШТ ПЛАСТ НА КОЛЕСАХ
НАСАД ШЛИФ;—;спорно: выгрузка 47, карта зала 50;2;НАСАД.ШЛИФ.ДЕЛ.КАРБ-ВОЛЬФ.Б/СЪЕМ 35Х40ММ
УШМ;—;спорно: выгрузка 50, карта зала 46;2;УШМ 125ММ 900ВТ DSM21-125 DC
УШМ NAG;—;спорно: выгрузка 50, карта зала 46;2;УШМ 125ММ 1100ВТ NAG-1100-R NL
УШМ ЭНГЕЛЬС;—;спорно: выгрузка 50, карта зала 46;2;УШМ 125ММ 780ВТ ЭНГЕЛЬС
БАЛЛОН ГАЗОМ;—;спорно: выгрузка 46, карта зала 49;1;БАЛЛОН С ГАЗОМ, 220 Г, БЕЗ РЕЗЬБЫ
ЗУБИЛО БУЧАРДА;—;спорно: выгрузка 46, карта зала 48;1;ЗУБИЛО БУЧАРДА SDSM 45Х240ММ RAGE
КОМБИН АБРАЗ;—;спорно: выгрузка 49, карта зала 50;1;КОМБИН. АБРАЗ.ГУБК 100Х80 P120 DEXTER
СЕТ ДРЕЛЬ;—;спорно: выгрузка 50, карта зала 46;1;СЕТ.ДРЕЛЬ-ШУРУПОВ.550ВТ СШ-550-2 РЕСАНТА
СУМКА КАРМАНОВ;—;спорно: выгрузка 47, карта зала 49;1;СУМКА 20 КАРМАНОВ НА ПОЯСЕ DEXTER
УГЛОШЛИФ МАШИНА;—;спорно: выгрузка 50, карта зала 46;1;УГЛОШЛИФ МАШИНА УШМ-125/900ЛМ РЕСАНТА
УШМ AGL;—;спорно: выгрузка 50, карта зала 46;1;УШМ 125ММ 600ВТ AGL-125/600/1LP NN
УШМ ELITECH;—;спорно: выгрузка 50, карта зала 46;1;УШМ 125ММ 900ВТ 9-125 ELITECH
УШМ OASIS;—;спорно: выгрузка 50, карта зала 46;1;УШМ 125ММ 720ВТ AG-72/125 OASIS
УШМ УШМ;—;спорно: выгрузка 50, карта зала 46;1;УШМ 125ММ 1100ВТ УШМ-11000Р ЛМ РЕСАНТА
ЯЩИК ДРЕЛИ;—;спорно: выгрузка 50, карта зала 46;1;ЯЩИК Д/ДРЕЛИ И УШМ 400Х335Х145ММ
ФРЕЗА ПАЗ;—;не определено;21;ФРЕЗА ПАЗ. ГАЛТЕЛЬНАЯ 12,7Х10ММ ХВ.8
ФРЕЗА КРОМ;—;не определено;18;ФРЕЗА КРОМ. ДИСКОВАЯ 32Х4ММ ХВ.8
СТРЕМЯНКА АЛЮМ;—;не определено;12;СТРЕМЯНКА 3СТ АЛЮМ LADDERBEL
ЛОТОК МЕТИЗ;—;не определено;10;ЛОТОК Д/МЕТИЗ 118Х167Х78ММ ВОРКЕР S
СТРЕМЯНКА СТАЛЬ;—;не определено;8;ЛЦ СТРЕМЯНКА 3СТ СТАЛЬ LADDERBEL
СТРЕМЯНКА ШИР;—;не определено;6;СТРЕМЯНКА 2СТ ШИР MINI СТАЛЬ ZALGER
ВИНТОВЕРТ АКК;—;не определено;4;ВИНТОВЕРТ АКК.20В 2X2АЧ CS2003SL EHD
ОРГАНАЙЗЕР JETTOOLS;—;не определено;4;ОРГАНАЙЗЕР 355Х260Х60ММ JETTOOLS
ОРГАНАЙЗЕР ORG;—;не определено;4;ОРГАНАЙЗЕР ORG 13-1
ОРГАНАЙЗЕР ВОЛЬФ;—;не определено;4;ОРГАНАЙЗЕР ВОЛЬФ 13 330Х260Х50
БЛОК ДЛЯ;—;не определено;3;БЛОК ДЛЯ МЕЛОЧЕЙ 12Х10СМ
АККУМ;—;не определено;2;АККУМ. 2,5АЧ 20В NB-20-2,5B NL
ВЕРСТАК СКЛАД;—;не определено;2;ВЕРСТАК СКЛАД НАГР 100КГ VERTEX
НАБ ФРЕЗ;—;не определено;2;НАБ. ФРЕЗ 3ШТ ХВ.6 D-70459 MAKITA
ПОЛКА ИНСТРУМЕНТА;—;не определено;2;ПОЛКА Д/ИНСТРУМЕНТА ДЛИНА 47CМ SYSTEC
ФРЕЗА ПРЯМАЯ;—;не определено;2;ФРЕЗА ПРЯМАЯ ВЕРХ.ПОДШИП.12,7Х25ММ ХВ.8
АККУМ DEKO;—;не определено;1;АККУМ. 5АЧ 20В ST DEKO
АККУМ ION;—;не определено;1;АККУМ. 4АЧ 20В LI-ION WA3644 WX
БОКС ХРАНЕНИЯ;—;не определено;1;БОКС Д/ХРАНЕНИЯ ТЕХНИК9 ПРОЗРАЧ BLOCKER
ВИБРАТОР БЕТОНА;—;не определено;1;ВИБРАТОР Д/БЕТОНА 800ВТ ВЭ-800 СПЕЦ
ВИБРОВАЛ ВИБРАТОРА;—;не определено;1;ВИБРОВАЛ Д/ВИБРАТОРА 2М ВЭ-800 СПЕЦ
ВИНТОВЕРТ MAKITA;—;не определено;1;ВИНТОВЕРТ 230ВТ TD0101 MAKITA
ВШМ ROCKFIELD;—;не определено;1;ВШМ 260ВТ RF26FS ROCKFIELD
ВШМ ПРОМО;—;не определено;1;ВШМ 270ВТ 0318Э ПРОМО ELITECH
ДШМ АКК;—;не определено;1;ДШМ АКК. 20В Б/А DEXTER UP20
ОРГАНАЙЗЕР БОЛЬШОЙ;—;не определено;1;Органайзер большой SYSTEC
ОРГАНАЙЗЕР МАЛЫЙ;—;не определено;1;Органайзер малый SYSTEC
ОРГАНАЙЗЕР ПЕРЕНОСКА;—;не определено;1;ОРГАНАЙЗЕР-ПЕРЕНОСКА Д/ИНСТР СЕРЫЙ
ПЛАНКА ДЕРЖАТЕЛЬ;—;не определено;1;ПЛАНКА-ДЕРЖАТЕЛЬ 350ММ К ЛОТКАМ ПЛАСТИК
ПЛАНКА КРЕПЛ;—;не определено;1;ПЛАНКА Д/КРЕПЛ ЛОТКОВ 600ММ МЕТ
ПЛАЩ ОРАНЖ;—;не определено;1;ПЛАЩ ВЛ/ЗЩ ОРАНЖ Р.XL EVAPE03
ПОЯСНОЙ КАРМАН;—;не определено;1;ПОЯСНОЙ КАРМАН ДЛЯ ДРЕЛИ DEXTER
РАЗДЕЛИТЕЛЬ ЛОТК;—;не определено;1;РАЗДЕЛИТЕЛЬ Д/ЛОТК 150Х150Х85ММ ACCURATE
РЮКЗАК ЖЕСТКИМ;—;не определено;1;Рюкзак с жестким дном DEXTER
СТЕКЛООМЫВАЮЩАЯ ЖИДК;—;не определено;1;СТЕКЛООМЫВАЮЩАЯ ЖИДК-50°C 4Л AUTOEXPRESS
СТРЕМЯНКА КОВРИКОМ;—;не определено;1;СТРЕМЯНКА 4СТ С КОВРИКОМ СТАЛЬ DILWIS
ШТРОБОРЕЗ ШЭМ;—;не определено;1;ШТРОБОРЕЗ 125ММ 1800ВТ ШЭМ-125/1800 СПЕЦ
БУР SDSM;46;по типу товара в выгрузке;16;БУР SDSM П/БЕТ. 12X340ММ RAGE
ЯЩИК ИНСТР;46;по карте зала;11;ЛЦ ЯЩИК Д/ИНСТР.ПЛАСТ.28,4Х15,7Х12,3
ЕМКОСТЬ СТРОИТ;47;выгрузка и карта зала сходятся;8;ЕМКОСТЬ СТРОИТ 45Л КРУГЛАЯ MATRIX
ГАЙКОВЕРТ АКК;50;по типу товара в выгрузке;5;ГАЙКОВЕРТ АКК.20В 2Х3АЧ Б/Щ DKIS20 DEKO
ЯЩИК ИНСТ;46;по карте зала;5;ЯЩИК Д/ИНСТ 33Х23Х12 ЦВ.АЛЮМ DILWIS
МОЛОТОК ОТБ;48;по типу товара в выгрузке;4;МОЛОТОК ОТБ. 1650ВТ 45ДЖ МОЭ-1650К NN
СУМКА ДЛЯ;47;по типу товара в выгрузке;4;СУМКА ДЛЯ ИНСТР. 18 КАРМАНОВ SYSTEC
ЛОТОК НАБОР;48;по типу товара в выгрузке;3;ЛОТОК 150Х95Х70ММ НАБОР 15ШТ СИНИЙ
ОТВЕРТКА АКК;48;выгрузка и карта зала сходятся;3;ОТВЕРТКА АКК. 3,6В 1,3АЧ ОА-3,6Ф ИСКОЛ
ВЕДРО СТРОИТ;47;выгрузка и карта зала сходятся;2;ВЕДРО СТРОИТ 14Л УСИЛ ГИБКОЕ РВПЛАСТ
ПЕРФ АКК;46;по типу товара в выгрузке;2;ПЕРФ.АКК.SDSPL 20В 3,7ДЖ 4АЧ NRH-204 NL
СУМКА ЖЕСТКИМ;47;по типу товара в выгрузке;2;СУМКА C ЖЕСТКИМ ДНОМ 41СМ DEXTER
ЭШМ OASIS;46;по карте зала;2;ЭШМ 300ВТ 125ММ GX-30 OASIS
ЯЩИК ИНСТРУМ;46;выгрузка и карта зала сходятся;2;ЯЩИК Д/ИНСТРУМ. 19 465Х273Х240ММ ВОЛЬФ
БОКС УНИВЕРСАЛЬНЫЙ;48;по карте зала;1;БОКС УНИВЕРСАЛЬНЫЙ С ВКЛАДЫШЕМ 8Л
ГАЙКОВЕРТ ELITECH;50;по типу товара в выгрузке;1;ГАЙКОВЕРТ 900ВТ ГУ 350РЭ ELITECH
ДЕРЖАТЕЛЬ ДЛЯ;48;по карте зала;1;ДЕРЖАТЕЛЬ ДЛЯ КЛЮЧЕЙ ЦВЕТНОЙ 47Х32СМ
ДОЛОТО МОЛОТКА;48;по карте зала;1;ДОЛОТО Д/МОЛОТКА ОТБОЙНОГО,НЕХ30,30X380М
ЛШМ ELITECH;46;по карте зала;1;ЛШМ 75X533ММ 850ВТ ELITECH
ЛШМ OASIS;46;по карте зала;1;ЛШМ 76Х457ММ 800ВТ GL-80 OASIS
МАШ ШЛИФ;47;по типу товара в выгрузке;1;МАШ.ШЛИФ.П/ГСК 1100ВТ DKWS1100 LED DEKO
МАШИНА ПОЛИР;50;по типу товара в выгрузке;1;МАШИНА ПОЛИР.1250ВТ 180ММ БМП-1200 СПЕЦ
НАБ НАСАДОК;46;по карте зала;1;НАБ.НАСАДОК Д/РЕНОВАТОРА Б/СЪЕМ 4ШТ
НАБОР КОЛЕС;48;по типу товара в выгрузке;1;НАБОР КОЛЕС 4ШТ ПОВОРОТ JETTOOLS
НАБОР ЩЕТОК;48;по типу товара в выгрузке;1;НАБОР ЩЕТОК ПО МЕТАЛЛУ 3ШТ MATRIX
ОЧКИ ОТКРЫТЫЕ;49;выгрузка и карта зала сходятся;1;ОЧКИ ОТКРЫТЫЕ БЕСЦВЕТНЫЕ DEXTER
ПЕРЕХОДНИК SDS;50;по типу товара в выгрузке;1;ПЕРЕХОДНИК С SDS MAX НА SDS PLUS 200ММ
ПЕРФ SDSM;46;по типу товара в выгрузке;1;ПЕРФ.SDSM 1500ВТ 15ДЖ RH1552E EHD
ПЕРФ SDSМ;46;по типу товара в выгрузке;1;ПЕРФ.SDSМ 2000ВТ 10ДЖ ZKH2000W DEKO
ПЕРЧ ОБЛИВНЫЕ;49;как у однотипных;1;ПЕРЧ. ОБЛИВНЫЕ НИТРИЛ, Р9, V2
ПЕРЧ ПВХ;49;по типу товара в выгрузке;1;ПЕРЧ. Х/Б ПВХ 10 КЛАСС
ПИКА SDSM;46;по типу товара в выгрузке;1;ПИКА SDSM 18Х600ММ СПЕЦ
ПЛАТФОРМА ШЛИФЛИСТ;48;по типу товара в выгрузке;1;ПЛАТФОРМА Д/ШЛИФЛИСТ. Б/СЪЕМ. 93Х93Х93ММ
ПОЯС ИНСТРУМ;49;выгрузка и карта зала сходятся;1;ПОЯС Д/ИНСТРУМ. 4 КАРМАНА ТЕКСТ.PN4BOL
ПЫЛЕСОС DEXTER;50;как в прошлой версии каталога;1;ПЫЛЕСОС 20Л, 15КПА, 1400ВТ DEXTER 4
РЕНОВАТОР АКК;46;выгрузка и карта зала сходятся;1;РЕНОВАТОР АКК. 20В Б/Щ NMT-20-ACCUM NL
СМАЗКА ДЛЯ;50;выгрузка и карта зала сходятся;1;СМАЗКА 140МЛ ДЛЯ ЦЕПЕЙ ASTROHIM
СМАЗКА МНОГОФУНКЦ;50;выгрузка и карта зала сходятся;1;СМАЗКА 125МЛ МНОГОФУНКЦ АЭРОЗОЛЬ MONLID
УШМ DEKO;—;как в прошлой версии каталога;1;УШМ 125ММ 850ВТ ZKAG850-125 DEKO
УШМ МШУ;—;как у однотипных;1;УШМ 125ММ 1000ВТ МШУ 10-125Э ELITECH
ЩЕТКИ УГОЛЬНЫЕ;—;как в прошлой версии каталога;1;Щётки угольные 6,2х16х22 У00408 КАЛИБР
ЭШМ DEKO;46;как в прошлой версии каталога;1;ЭШМ 600ВТ 125ММ DKG600 DEKO
ЭШМ DKG;46;по карте зала;1;ЭШМ 400ВТ 125ММ DKG-125 DEKO
ЭШМ ELITECH;46;по карте зала;1;ЭШМ 350ВТ 125ММ 03-12Э ELITECH
ЭШМ GXL;46;по карте зала;1;ЭШМ 300ВТ 125ММ GXL-300/1LP NN
ЭШМ ROCKFIELD;46;по карте зала;1;ЭШМ 400ВТ 125ММ RF40OS ROCKFIELD
ЭШМ АКК;46;по карте зала;1;ЭШМ АКК. 20В 2АЧ 125ММ DKCG-125 DEKO
ЯЩИК ПЛАСТ;46;как в прошлой версии каталога;1;ЯЩИК Д/ИНСТР28,5Х12,5X15,1 ПЛАСТ SYSTEC
ЯЩИК СКЛАДНОЙ;46;по карте зала;1;ЯЩИК СКЛАДНОЙ С РУЧКАМИ
